estacion,station_name,month,month_name,avg_uses,pct
1,Estació d’Autobusos,1,January,1146.3,3.01
1,Estació d’Autobusos,2,February,1336.2,3.14
1,Estació d’Autobusos,3,March,1357.2,3.13
1,Estació d’Autobusos,4,April,1169.4,3.11
1,Estació d’Autobusos,5,May,1492.5,3.13
1,Estació d’Autobusos,6,June,1322.8,3.16
1,Estació d’Autobusos,7,July,1020.1,3.28
1,Estació d’Autobusos,8,August,769.3,3.33
1,Estació d’Autobusos,9,September,1374.0,3.14
1,Estació d’Autobusos,10,October,1746.9,3.2
1,Estació d’Autobusos,11,November,1593.5,3.09
1,Estació d’Autobusos,12,December,1168.2,2.99
2,Oficina de Turisme,1,January,1679.6,4.41
2,Oficina de Turisme,2,February,1832.8,4.31
2,Oficina de Turisme,3,March,1956.8,4.52
2,Oficina de Turisme,4,April,1704.5,4.54
2,Oficina de Turisme,5,May,2127.7,4.46
2,Oficina de Turisme,6,June,1822.8,4.35
2,Oficina de Turisme,7,July,1367.1,4.4
2,Oficina de Turisme,8,August,1098.5,4.76
2,Oficina de Turisme,9,September,1854.0,4.24
2,Oficina de Turisme,10,October,2267.8,4.16
2,Oficina de Turisme,11,November,2104.5,4.08
2,Oficina de Turisme,12,December,1686.6,4.32
3,Plaça de la Llotja,1,January,1970.6,5.17
3,Plaça de la Llotja,2,February,1976.8,4.65
3,Plaça de la Llotja,3,March,2008.9,4.64
3,Plaça de la Llotja,4,April,1809.2,4.82
3,Plaça de la Llotja,5,May,2303.3,4.82
3,Plaça de la Llotja,6,June,2093.4,4.99
3,Plaça de la Llotja,7,July,1549.9,4.99
3,Plaça de la Llotja,8,August,1165.8,5.05
3,Plaça de la Llotja,9,September,1933.2,4.42
3,Plaça de la Llotja,10,October,2350.7,4.31
3,Plaça de la Llotja,11,November,2239.2,4.34
3,Plaça de la Llotja,12,December,1729.2,4.43
4,Plaça del Raval,1,January,1138.7,2.99
4,Plaça del Raval,2,February,1235.8,2.91
4,Plaça del Raval,3,March,1286.4,2.97
4,Plaça del Raval,4,April,1093.9,2.91
4,Plaça del Raval,5,May,1450.7,3.04
4,Plaça del Raval,6,June,1268.0,3.02
4,Plaça del Raval,7,July,887.7,2.86
4,Plaça del Raval,8,August,668.8,2.9
4,Plaça del Raval,9,September,1277.5,2.92
4,Plaça del Raval,10,October,1578.7,2.89
4,Plaça del Raval,11,November,1425.0,2.76
4,Plaça del Raval,12,December,1085.8,2.78
5,Centre de Congressos,1,January,1373.3,3.6
5,Centre de Congressos,2,February,1531.5,3.6
5,Centre de Congressos,3,March,1531.9,3.54
5,Centre de Congressos,4,April,1329.1,3.54
5,Centre de Congressos,5,May,1687.5,3.54
5,Centre de Congressos,6,June,1502.9,3.59
5,Centre de Congressos,7,July,973.6,3.13
5,Centre de Congressos,8,August,706.8,3.06
5,Centre de Congressos,9,September,1465.6,3.35
5,Centre de Congressos,10,October,1824.5,3.34
5,Centre de Congressos,11,November,1770.1,3.43
5,Centre de Congressos,12,December,1341.7,3.43
6,Ajuntament,1,January,1771.9,4.65
6,Ajuntament,2,February,2092.0,4.92
6,Ajuntament,3,March,2164.0,5.0
6,Ajuntament,4,April,1857.1,4.95
6,Ajuntament,5,May,2364.9,4.95
6,Ajuntament,6,June,2111.5,5.04
6,Ajuntament,7,July,1527.5,4.92
6,Ajuntament,8,August,1047.6,4.54
6,Ajuntament,9,September,1990.1,4.55
6,Ajuntament,10,October,2493.2,4.57
6,Ajuntament,11,November,2355.8,4.56
6,Ajuntament,12,December,1852.5,4.74
7,Pavelló Municipal,1,January,456.5,1.2
7,Pavelló Municipal,2,February,518.2,1.22
7,Pavelló Municipal,3,March,537.2,1.24
7,Pavelló Municipal,4,April,488.6,1.3
7,Pavelló Municipal,5,May,519.9,1.09
7,Pavelló Municipal,6,June,431.8,1.03
7,Pavelló Municipal,7,July,321.8,1.04
7,Pavelló Municipal,8,August,180.9,0.78
7,Pavelló Municipal,9,September,512.3,1.17
7,Pavelló Municipal,10,October,720.5,1.32
7,Pavelló Municipal,11,November,646.2,1.25
7,Pavelló Municipal,12,December,433.2,1.11
8,Polivalent de Carrús,1,January,678.5,1.78
8,Polivalent de Carrús,2,February,730.5,1.72
8,Polivalent de Carrús,3,March,696.5,1.61
8,Polivalent de Carrús,4,April,622.4,1.66
8,Polivalent de Carrús,5,May,801.3,1.68
8,Polivalent de Carrús,6,June,726.6,1.73
8,Polivalent de Carrús,7,July,553.5,1.78
8,Polivalent de Carrús,8,August,421.4,1.82
8,Polivalent de Carrús,9,September,716.2,1.64
8,Polivalent de Carrús,10,October,795.0,1.46
8,Polivalent de Carrús,11,November,812.9,1.57
8,Polivalent de Carrús,12,December,594.9,1.52
9,Biblioteca de Sant Josep,1,January,890.3,2.34
9,Biblioteca de Sant Josep,2,February,1108.5,2.61
9,Biblioteca de Sant Josep,3,March,1126.7,2.6
9,Biblioteca de Sant Josep,4,April,865.9,2.31
9,Biblioteca de Sant Josep,5,May,1232.8,2.58
9,Biblioteca de Sant Josep,6,June,977.4,2.33
9,Biblioteca de Sant Josep,7,July,605.6,1.95
9,Biblioteca de Sant Josep,8,August,391.9,1.7
9,Biblioteca de Sant Josep,9,September,1035.2,2.37
9,Biblioteca de Sant Josep,10,October,1457.7,2.67
9,Biblioteca de Sant Josep,11,November,1406.2,2.72
9,Biblioteca de Sant Josep,12,December,955.9,2.45
10,L’Escorxador,1,January,424.5,1.11
10,L’Escorxador,2,February,473.3,1.11
10,L’Escorxador,3,March,439.5,1.01
10,L’Escorxador,4,April,340.4,0.91
10,L’Escorxador,5,May,508.3,1.06
10,L’Escorxador,6,June,406.2,0.97
10,L’Escorxador,7,July,270.1,0.87
10,L’Escorxador,8,August,142.5,0.62
10,L’Escorxador,9,September,450.5,1.03
10,L’Escorxador,10,October,552.5,1.01
10,L’Escorxador,11,November,522.9,1.01
10,L’Escorxador,12,December,349.8,0.9
11,Plaça de Crevillent,1,January,1082.1,2.84
11,Plaça de Crevillent,2,February,1127.3,2.65
11,Plaça de Crevillent,3,March,1145.4,2.64
11,Plaça de Crevillent,4,April,1016.1,2.71
11,Plaça de Crevillent,5,May,1260.4,2.64
11,Plaça de Crevillent,6,June,1157.1,2.76
11,Plaça de Crevillent,7,July,876.3,2.82
11,Plaça de Crevillent,8,August,706.5,3.06
11,Plaça de Crevillent,9,September,1199.1,2.74
11,Plaça de Crevillent,10,October,1399.0,2.56
11,Plaça de Crevillent,11,November,1333.7,2.58
11,Plaça de Crevillent,12,December,1062.6,2.72
12,Ambulatori de Sant Fermí,1,January,2279.6,5.98
12,Ambulatori de Sant Fermí,2,February,2396.5,5.64
12,Ambulatori de Sant Fermí,3,March,2415.2,5.58
12,Ambulatori de Sant Fermí,4,April,2124.3,5.66
12,Ambulatori de Sant Fermí,5,May,2608.2,5.46
12,Ambulatori de Sant Fermí,6,June,2300.8,5.49
12,Ambulatori de Sant Fermí,7,July,1740.3,5.6
12,Ambulatori de Sant Fermí,8,August,1311.7,5.68
12,Ambulatori de Sant Fermí,9,September,2381.5,5.44
12,Ambulatori de Sant Fermí,10,October,2793.5,5.12
12,Ambulatori de Sant Fermí,11,November,2700.9,5.23
12,Ambulatori de Sant Fermí,12,December,2106.3,5.39
13,Jardí del 1r de Maig,1,January,526.5,1.38
13,Jardí del 1r de Maig,2,February,499.5,1.17
13,Jardí del 1r de Maig,3,March,522.8,1.21
13,Jardí del 1r de Maig,4,April,465.8,1.24
13,Jardí del 1r de Maig,5,May,531.7,1.11
13,Jardí del 1r de Maig,6,June,507.1,1.21
13,Jardí del 1r de Maig,7,July,449.7,1.45
13,Jardí del 1r de Maig,8,August,359.3,1.56
13,Jardí del 1r de Maig,9,September,523.8,1.2
13,Jardí del 1r de Maig,10,October,591.4,1.08
13,Jardí del 1r de Maig,11,November,553.3,1.07
13,Jardí del 1r de Maig,12,December,452.5,1.16
14,Comissaria,1,January,640.7,1.68
14,Comissaria,2,February,767.3,1.8
14,Comissaria,3,March,714.3,1.65
14,Comissaria,4,April,532.4,1.42
14,Comissaria,5,May,810.6,1.7
14,Comissaria,6,June,577.4,1.38
14,Comissaria,7,July,206.8,0.67
14,Comissaria,8,August,125.4,0.54
14,Comissaria,9,September,714.5,1.63
14,Comissaria,10,October,923.7,1.69
14,Comissaria,11,November,869.2,1.68
14,Comissaria,12,December,538.8,1.38
15,Av. Llibertat / Reina Victòria,1,January,1061.6,2.79
15,Av. Llibertat / Reina Victòria,2,February,1055.1,2.48
15,Av. Llibertat / Reina Victòria,3,March,1065.5,2.46
15,Av. Llibertat / Reina Victòria,4,April,939.8,2.5
15,Av. Llibertat / Reina Victòria,5,May,1152.3,2.41
15,Av. Llibertat / Reina Victòria,6,June,1024.3,2.44
15,Av. Llibertat / Reina Victòria,7,July,844.8,2.72
15,Av. Llibertat / Reina Victòria,8,August,661.8,2.87
15,Av. Llibertat / Reina Victòria,9,September,1090.0,2.49
15,Av. Llibertat / Reina Victòria,10,October,1268.7,2.33
15,Av. Llibertat / Reina Victòria,11,November,1189.4,2.3
15,Av. Llibertat / Reina Victòria,12,December,928.4,2.38
16,Jardí d’Asp,1,January,562.8,1.48
16,Jardí d’Asp,2,February,589.1,1.39
16,Jardí d’Asp,3,March,574.4,1.33
16,Jardí d’Asp,4,April,517.5,1.38
16,Jardí d’Asp,5,May,621.9,1.3
16,Jardí d’Asp,6,June,527.8,1.26
16,Jardí d’Asp,7,July,408.2,1.31
16,Jardí d’Asp,8,August,327.5,1.42
16,Jardí d’Asp,9,September,609.7,1.39
16,Jardí d’Asp,10,October,714.7,1.31
16,Jardí d’Asp,11,November,666.8,1.29
16,Jardí d’Asp,12,December,518.5,1.33
17,Plaça de Castella,1,January,1388.3,3.64
17,Plaça de Castella,2,February,1516.3,3.57
17,Plaça de Castella,3,March,1558.2,3.6
17,Plaça de Castella,4,April,1411.5,3.76
17,Plaça de Castella,5,May,1777.4,3.72
17,Plaça de Castella,6,June,1552.0,3.7
17,Plaça de Castella,7,July,1160.1,3.73
17,Plaça de Castella,8,August,908.6,3.93
17,Plaça de Castella,9,September,1642.1,3.75
17,Plaça de Castella,10,October,1919.5,3.52
17,Plaça de Castella,11,November,1776.5,3.44
17,Plaça de Castella,12,December,1324.5,3.39
18,Poliesportiu d’Altabix,1,January,692.5,1.82
18,Poliesportiu d’Altabix,2,February,756.6,1.78
18,Poliesportiu d’Altabix,3,March,786.7,1.82
18,Poliesportiu d’Altabix,4,April,682.5,1.82
18,Poliesportiu d’Altabix,5,May,905.6,1.9
18,Poliesportiu d’Altabix,6,June,805.2,1.92
18,Poliesportiu d’Altabix,7,July,600.8,1.93
18,Poliesportiu d’Altabix,8,August,409.5,1.77
18,Poliesportiu d’Altabix,9,September,831.5,1.9
18,Poliesportiu d’Altabix,10,October,972.7,1.78
18,Poliesportiu d’Altabix,11,November,902.6,1.75
18,Poliesportiu d’Altabix,12,December,675.1,1.73
19,Jesuïtines,1,January,1278.1,3.35
19,Jesuïtines,2,February,1435.4,3.38
19,Jesuïtines,3,March,1452.9,3.35
19,Jesuïtines,4,April,1266.6,3.37
19,Jesuïtines,5,May,1546.2,3.24
19,Jesuïtines,6,June,1354.6,3.23
19,Jesuïtines,7,July,964.8,3.11
19,Jesuïtines,8,August,782.4,3.39
19,Jesuïtines,9,September,1372.7,3.14
19,Jesuïtines,10,October,1773.5,3.25
19,Jesuïtines,11,November,1716.5,3.33
19,Jesuïtines,12,December,1382.3,3.54
20,Antoni Mena / Fra Jaume Torres,1,January,770.3,2.02
20,Antoni Mena / Fra Jaume Torres,2,February,840.9,1.98
20,Antoni Mena / Fra Jaume Torres,3,March,806.2,1.86
20,Antoni Mena / Fra Jaume Torres,4,April,685.5,1.83
20,Antoni Mena / Fra Jaume Torres,5,May,882.3,1.85
20,Antoni Mena / Fra Jaume Torres,6,June,801.2,1.91
20,Antoni Mena / Fra Jaume Torres,7,July,592.4,1.91
20,Antoni Mena / Fra Jaume Torres,8,August,423.7,1.83
20,Antoni Mena / Fra Jaume Torres,9,September,783.6,1.79
20,Antoni Mena / Fra Jaume Torres,10,October,952.1,1.75
20,Antoni Mena / Fra Jaume Torres,11,November,858.1,1.66
20,Antoni Mena / Fra Jaume Torres,12,December,700.4,1.79
21,C.P. Mariano Benlliure,1,January,491.5,1.29
21,C.P. Mariano Benlliure,2,February,513.4,1.21
21,C.P. Mariano Benlliure,3,March,534.2,1.23
21,C.P. Mariano Benlliure,4,April,457.0,1.22
21,C.P. Mariano Benlliure,5,May,584.6,1.22
21,C.P. Mariano Benlliure,6,June,514.9,1.23
21,C.P. Mariano Benlliure,7,July,405.9,1.31
21,C.P. Mariano Benlliure,8,August,314.7,1.36
21,C.P. Mariano Benlliure,9,September,588.8,1.35
21,C.P. Mariano Benlliure,10,October,619.6,1.14
21,C.P. Mariano Benlliure,11,November,585.7,1.13
21,C.P. Mariano Benlliure,12,December,478.2,1.22
22,Av. Llauradors / Eslava,1,January,568.8,1.49
22,Av. Llauradors / Eslava,2,February,600.8,1.41
22,Av. Llauradors / Eslava,3,March,592.4,1.37
22,Av. Llauradors / Eslava,4,April,527.8,1.41
22,Av. Llauradors / Eslava,5,May,654.5,1.37
22,Av. Llauradors / Eslava,6,June,581.4,1.39
22,Av. Llauradors / Eslava,7,July,374.5,1.21
22,Av. Llauradors / Eslava,8,August,303.4,1.31
22,Av. Llauradors / Eslava,9,September,623.1,1.42
22,Av. Llauradors / Eslava,10,October,694.4,1.27
22,Av. Llauradors / Eslava,11,November,650.6,1.26
22,Av. Llauradors / Eslava,12,December,487.0,1.25
23,Conrado del Campo / Trinquet,1,January,669.8,1.76
23,Conrado del Campo / Trinquet,2,February,715.1,1.68
23,Conrado del Campo / Trinquet,3,March,730.8,1.69
23,Conrado del Campo / Trinquet,4,April,629.3,1.68
23,Conrado del Campo / Trinquet,5,May,786.6,1.65
23,Conrado del Campo / Trinquet,6,June,716.7,1.71
23,Conrado del Campo / Trinquet,7,July,584.0,1.88
23,Conrado del Campo / Trinquet,8,August,450.5,1.95
23,Conrado del Campo / Trinquet,9,September,750.9,1.72
23,Conrado del Campo / Trinquet,10,October,874.1,1.6
23,Conrado del Campo / Trinquet,11,November,832.2,1.61
23,Conrado del Campo / Trinquet,12,December,674.6,1.73
24,Policia Local,1,January,277.8,0.73
24,Policia Local,2,February,304.1,0.72
24,Policia Local,3,March,316.2,0.73
24,Policia Local,4,April,288.6,0.77
24,Policia Local,5,May,396.5,0.83
24,Policia Local,6,June,391.7,0.93
24,Policia Local,7,July,264.9,0.85
24,Policia Local,8,August,186.8,0.81
24,Policia Local,9,September,383.7,0.88
24,Policia Local,10,October,424.8,0.78
24,Policia Local,11,November,381.1,0.74
24,Policia Local,12,December,256.1,0.66
25,Cor de Jesús,1,January,1235.0,3.24
25,Cor de Jesús,2,February,1296.3,3.05
25,Cor de Jesús,3,March,1328.5,3.07
25,Cor de Jesús,4,April,1138.6,3.03
25,Cor de Jesús,5,May,1427.5,2.99
25,Cor de Jesús,6,June,1240.7,2.96
25,Cor de Jesús,7,July,891.2,2.87
25,Cor de Jesús,8,August,661.2,2.86
25,Cor de Jesús,9,September,1296.7,2.96
25,Cor de Jesús,10,October,1548.1,2.84
25,Cor de Jesús,11,November,1449.5,2.81
25,Cor de Jesús,12,December,1133.7,2.9
26,UMH / Escola Oficial d’Idiomes,1,January,1746.6,4.58
26,UMH / Escola Oficial d’Idiomes,2,February,1804.6,4.24
26,UMH / Escola Oficial d’Idiomes,3,March,1760.6,4.06
26,UMH / Escola Oficial d’Idiomes,4,April,1272.2,3.39
26,UMH / Escola Oficial d’Idiomes,5,May,1824.7,3.82
26,UMH / Escola Oficial d’Idiomes,6,June,1289.3,3.08
26,UMH / Escola Oficial d’Idiomes,7,July,689.0,2.22
26,UMH / Escola Oficial d’Idiomes,8,August,299.0,1.29
26,UMH / Escola Oficial d’Idiomes,9,September,1443.9,3.3
26,UMH / Escola Oficial d’Idiomes,10,October,2370.1,4.35
26,UMH / Escola Oficial d’Idiomes,11,November,2320.3,4.49
26,UMH / Escola Oficial d’Idiomes,12,December,1420.1,3.63
27,UMH / Pavelló d’Esports,1,January,666.0,1.75
27,UMH / Pavelló d’Esports,2,February,1007.6,2.37
27,UMH / Pavelló d’Esports,3,March,1046.7,2.42
27,UMH / Pavelló d’Esports,4,April,729.0,1.94
27,UMH / Pavelló d’Esports,5,May,994.4,2.08
27,UMH / Pavelló d’Esports,6,June,622.2,1.48
27,UMH / Pavelló d’Esports,7,July,376.5,1.21
27,UMH / Pavelló d’Esports,8,August,68.9,0.3
27,UMH / Pavelló d’Esports,9,September,743.5,1.7
27,UMH / Pavelló d’Esports,10,October,1320.5,2.42
27,UMH / Pavelló d’Esports,11,November,1366.0,2.65
27,UMH / Pavelló d’Esports,12,December,795.1,2.03
28,Passeig de les Germanies,1,January,1196.5,3.14
28,Passeig de les Germanies,2,February,1311.0,3.08
28,Passeig de les Germanies,3,March,1337.8,3.09
28,Passeig de les Germanies,4,April,1148.3,3.06
28,Passeig de les Germanies,5,May,1428.3,2.99
28,Passeig de les Germanies,6,June,1281.8,3.06
28,Passeig de les Germanies,7,July,983.9,3.17
28,Passeig de les Germanies,8,August,717.6,3.11
28,Passeig de les Germanies,9,September,1337.4,3.06
28,Passeig de les Germanies,10,October,1587.7,2.91
28,Passeig de les Germanies,11,November,1497.4,2.9
28,Passeig de les Germanies,12,December,1182.1,3.03
29,Casablanca,1,January,382.6,1.0
29,Casablanca,2,February,421.0,0.99
29,Casablanca,3,March,423.0,0.98
29,Casablanca,4,April,383.8,1.02
29,Casablanca,5,May,483.8,1.01
29,Casablanca,6,June,433.4,1.03
29,Casablanca,7,July,332.6,1.07
29,Casablanca,8,August,228.8,0.99
29,Casablanca,9,September,424.1,0.97
29,Casablanca,10,October,442.5,0.81
29,Casablanca,11,November,438.8,0.85
29,Casablanca,12,December,353.6,0.91
30,Squash,1,January,642.8,1.69
30,Squash,2,February,649.8,1.53
30,Squash,3,March,699.5,1.61
30,Squash,4,April,622.6,1.66
30,Squash,5,May,762.7,1.6
30,Squash,6,June,673.9,1.61
30,Squash,7,July,505.7,1.63
30,Squash,8,August,379.9,1.64
30,Squash,9,September,709.3,1.62
30,Squash,10,October,860.3,1.58
30,Squash,11,November,780.4,1.51
30,Squash,12,December,575.5,1.47
31,Sant Antoni,1,January,426.0,1.12
31,Sant Antoni,2,February,443.6,1.04
31,Sant Antoni,3,March,428.1,0.99
31,Sant Antoni,4,April,362.6,0.97
31,Sant Antoni,5,May,500.9,1.05
31,Sant Antoni,6,June,462.0,1.1
31,Sant Antoni,7,July,364.2,1.17
31,Sant Antoni,8,August,326.1,1.41
31,Sant Antoni,9,September,472.1,1.08
31,Sant Antoni,10,October,591.6,1.08
31,Sant Antoni,11,November,538.1,1.04
31,Sant Antoni,12,December,414.8,1.06
32,Centre de Salut d’Altabix,1,January,1253.6,3.29
32,Centre de Salut d’Altabix,2,February,1343.1,3.16
32,Centre de Salut d’Altabix,3,March,1388.3,3.21
32,Centre de Salut d’Altabix,4,April,1268.1,3.38
32,Centre de Salut d’Altabix,5,May,1569.5,3.29
32,Centre de Salut d’Altabix,6,June,1434.2,3.42
32,Centre de Salut d’Altabix,7,July,1049.6,3.38
32,Centre de Salut d’Altabix,8,August,788.9,3.42
32,Centre de Salut d’Altabix,9,September,1406.3,3.21
32,Centre de Salut d’Altabix,10,October,1702.5,3.12
32,Centre de Salut d’Altabix,11,November,1597.7,3.1
32,Centre de Salut d’Altabix,12,December,1200.5,3.07
33,Av. Libertat / l’Aljub,1,January,833.8,2.19
33,Av. Libertat / l’Aljub,2,February,852.5,2.01
33,Av. Libertat / l’Aljub,3,March,819.2,1.89
33,Av. Libertat / l’Aljub,4,April,724.7,1.93
33,Av. Libertat / l’Aljub,5,May,804.3,1.68
33,Av. Libertat / l’Aljub,6,June,847.0,2.02
33,Av. Libertat / l’Aljub,7,July,773.8,2.49
33,Av. Libertat / l’Aljub,8,August,587.7,2.54
33,Av. Libertat / l’Aljub,9,September,909.2,2.08
33,Av. Libertat / l’Aljub,10,October,1080.9,1.98
33,Av. Libertat / l’Aljub,11,November,985.0,1.91
33,Av. Libertat / l’Aljub,12,December,909.9,2.33
34,Hospital General,1,January,1034.0,2.71
34,Hospital General,2,February,1101.2,2.59
34,Hospital General,3,March,1132.2,2.61
34,Hospital General,4,April,1016.1,2.71
34,Hospital General,5,May,1279.3,2.68
34,Hospital General,6,June,1182.1,2.82
34,Hospital General,7,July,860.7,2.77
34,Hospital General,8,August,730.5,3.16
34,Hospital General,9,September,1038.3,2.37
34,Hospital General,10,October,1304.6,2.39
34,Hospital General,11,November,1257.3,2.44
34,Hospital General,12,December,979.5,2.51
35,Hospital del Vinalopó,1,January,217.8,0.57
35,Hospital del Vinalopó,2,February,271.1,0.64
35,Hospital del Vinalopó,3,March,272.9,0.63
35,Hospital del Vinalopó,4,April,253.9,0.68
35,Hospital del Vinalopó,5,May,317.2,0.66
35,Hospital del Vinalopó,6,June,246.3,0.59
35,Hospital del Vinalopó,7,July,209.1,0.67
35,Hospital del Vinalopó,8,August,147.2,0.64
35,Hospital del Vinalopó,9,September,239.5,0.55
35,Hospital del Vinalopó,10,October,329.5,0.6
35,Hospital del Vinalopó,11,November,329.4,0.64
35,Hospital del Vinalopó,12,December,230.8,0.59
36,I.E.S. Victoria Kent,1,January,577.8,1.52
36,I.E.S. Victoria Kent,2,February,647.5,1.52
36,I.E.S. Victoria Kent,3,March,636.1,1.47
36,I.E.S. Victoria Kent,4,April,548.8,1.46
36,I.E.S. Victoria Kent,5,May,648.7,1.36
36,I.E.S. Victoria Kent,6,June,655.9,1.56
36,I.E.S. Victoria Kent,7,July,477.0,1.54
36,I.E.S. Victoria Kent,8,August,390.1,1.69
36,I.E.S. Victoria Kent,9,September,734.1,1.68
36,I.E.S. Victoria Kent,10,October,919.8,1.69
36,I.E.S. Victoria Kent,11,November,829.7,1.61
36,I.E.S. Victoria Kent,12,December,602.6,1.54
37,Hort de Travaló,1,January,152.6,0.4
37,Hort de Travaló,2,February,167.1,0.39
37,Hort de Travaló,3,March,175.2,0.4
37,Hort de Travaló,4,April,161.6,0.43
37,Hort de Travaló,5,May,222.1,0.47
37,Hort de Travaló,6,June,183.5,0.44
37,Hort de Travaló,7,July,143.0,0.46
37,Hort de Travaló,8,August,139.9,0.61
37,Hort de Travaló,9,September,191.2,0.44
37,Hort de Travaló,10,October,240.6,0.44
37,Hort de Travaló,11,November,199.9,0.39
37,Hort de Travaló,12,December,149.6,0.38
38,Poliesportiu de Carrús,1,January,418.9,1.1
38,Poliesportiu de Carrús,2,February,474.1,1.12
38,Poliesportiu de Carrús,3,March,449.0,1.04
38,Poliesportiu de Carrús,4,April,365.4,0.97
38,Poliesportiu de Carrús,5,May,476.5,1.0
38,Poliesportiu de Carrús,6,June,405.4,0.97
38,Poliesportiu de Carrús,7,July,328.1,1.06
38,Poliesportiu de Carrús,8,August,231.4,1.0
38,Poliesportiu de Carrús,9,September,471.6,1.08
38,Poliesportiu de Carrús,10,October,581.9,1.07
38,Poliesportiu de Carrús,11,November,509.0,0.99
38,Poliesportiu de Carrús,12,December,388.2,0.99
39,Francesc Cantó,1,January,329.8,0.87
39,Francesc Cantó,2,February,341.8,0.8
39,Francesc Cantó,3,March,338.8,0.78
39,Francesc Cantó,4,April,314.5,0.84
39,Francesc Cantó,5,May,383.2,0.8
39,Francesc Cantó,6,June,370.6,0.88
39,Francesc Cantó,7,July,314.0,1.01
39,Francesc Cantó,8,August,233.5,1.01
39,Francesc Cantó,9,September,376.2,0.86
39,Francesc Cantó,10,October,417.0,0.76
39,Francesc Cantó,11,November,364.2,0.71
39,Francesc Cantó,12,December,307.5,0.79
40,C.P. Baix Vinalopó,1,January,1464.1,3.84
40,C.P. Baix Vinalopó,2,February,1625.6,3.82
40,C.P. Baix Vinalopó,3,March,1555.7,3.59
40,C.P. Baix Vinalopó,4,April,1136.7,3.03
40,C.P. Baix Vinalopó,5,May,1479.0,3.1
40,C.P. Baix Vinalopó,6,June,1274.9,3.04
40,C.P. Baix Vinalopó,7,July,1007.3,3.24
40,C.P. Baix Vinalopó,8,August,732.3,3.17
40,C.P. Baix Vinalopó,9,September,1288.8,2.94
40,C.P. Baix Vinalopó,10,October,1912.2,3.51
40,C.P. Baix Vinalopó,11,November,1837.4,3.56
40,C.P. Baix Vinalopó,12,December,1436.6,3.68
41,Dipòsit Municipal de Carrús,1,January,128.9,0.34
41,Dipòsit Municipal de Carrús,2,February,160.6,0.38
41,Dipòsit Municipal de Carrús,3,March,137.0,0.32
41,Dipòsit Municipal de Carrús,4,April,109.9,0.29
41,Dipòsit Municipal de Carrús,5,May,142.0,0.3
41,Dipòsit Municipal de Carrús,6,June,120.6,0.29
41,Dipòsit Municipal de Carrús,7,July,109.3,0.35
41,Dipòsit Municipal de Carrús,8,August,68.1,0.3
41,Dipòsit Municipal de Carrús,9,September,135.7,0.31
41,Dipòsit Municipal de Carrús,10,October,156.7,0.29
41,Dipòsit Municipal de Carrús,11,November,144.9,0.28
41,Dipòsit Municipal de Carrús,12,December,98.8,0.25
42,Multi Aventura Travaló,1,January,122.6,0.32
42,Multi Aventura Travaló,2,February,139.9,0.33
42,Multi Aventura Travaló,3,March,138.7,0.32
42,Multi Aventura Travaló,4,April,122.6,0.33
42,Multi Aventura Travaló,5,May,189.6,0.4
42,Multi Aventura Travaló,6,June,160.3,0.38
42,Multi Aventura Travaló,7,July,137.3,0.44
42,Multi Aventura Travaló,8,August,122.4,0.53
42,Multi Aventura Travaló,9,September,189.7,0.43
42,Multi Aventura Travaló,10,October,212.0,0.39
42,Multi Aventura Travaló,11,November,188.0,0.36
42,Multi Aventura Travaló,12,December,107.1,0.27
43,Palmerars – Ciutat de la Justícia,1,January,135.2,0.35
43,Palmerars – Ciutat de la Justícia,2,February,138.6,0.33
43,Palmerars – Ciutat de la Justícia,3,March,155.6,0.36
43,Palmerars – Ciutat de la Justícia,4,April,132.7,0.35
43,Palmerars – Ciutat de la Justícia,5,May,168.4,0.35
43,Palmerars – Ciutat de la Justícia,6,June,167.1,0.4
43,Palmerars – Ciutat de la Justícia,7,July,160.4,0.52
43,Palmerars – Ciutat de la Justícia,8,August,105.9,0.46
43,Palmerars – Ciutat de la Justícia,9,September,177.7,0.41
43,Palmerars – Ciutat de la Justícia,10,October,216.7,0.4
43,Palmerars – Ciutat de la Justícia,11,November,183.3,0.36
43,Palmerars – Ciutat de la Justícia,12,December,125.6,0.32
44,Portes Encarnades,1,January,588.2,1.54
44,Portes Encarnades,2,February,673.7,1.58
44,Portes Encarnades,3,March,582.4,1.34
44,Portes Encarnades,4,April,541.6,1.44
44,Portes Encarnades,5,May,649.7,1.36
44,Portes Encarnades,6,June,638.6,1.52
44,Portes Encarnades,7,July,519.6,1.67
44,Portes Encarnades,8,August,463.1,2.01
44,Portes Encarnades,9,September,775.9,1.77
44,Portes Encarnades,10,October,909.7,1.67
44,Portes Encarnades,11,November,844.1,1.64
44,Portes Encarnades,12,December,647.4,1.66
45,Plaça de Barcelona,1,January,424.5,1.11
45,Plaça de Barcelona,2,February,457.7,1.08
45,Plaça de Barcelona,3,March,361.3,0.83
45,Plaça de Barcelona,4,April,353.6,0.94
45,Plaça de Barcelona,5,May,448.7,0.94
45,Plaça de Barcelona,6,June,453.1,1.08
45,Plaça de Barcelona,7,July,395.7,1.27
45,Plaça de Barcelona,8,August,325.9,1.41
45,Plaça de Barcelona,9,September,478.3,1.09
45,Plaça de Barcelona,10,October,603.3,1.11
45,Plaça de Barcelona,11,November,571.9,1.11
45,Plaça de Barcelona,12,December,454.4,1.16
46,UMH / Rectorado,1,January,495.2,1.3
46,UMH / Rectorado,2,February,764.2,1.8
46,UMH / Rectorado,3,March,745.2,1.72
46,UMH / Rectorado,4,April,606.5,1.62
46,UMH / Rectorado,5,May,781.5,1.64
46,UMH / Rectorado,6,June,571.2,1.36
46,UMH / Rectorado,7,July,330.8,1.06
46,UMH / Rectorado,8,August,220.8,0.96
46,UMH / Rectorado,9,September,654.8,1.5
46,UMH / Rectorado,10,October,1020.8,1.87
46,UMH / Rectorado,11,November,848.2,1.64
46,UMH / Rectorado,12,December,590.6,1.51
47,C.P. Virgen de la Asunción,1,January,419.8,1.1
47,C.P. Virgen de la Asunción,2,February,491.2,1.16
47,C.P. Virgen de la Asunción,3,March,468.8,1.08
47,C.P. Virgen de la Asunción,4,April,432.0,1.15
47,C.P. Virgen de la Asunción,5,May,577.2,1.21
47,C.P. Virgen de la Asunción,6,June,508.8,1.21
47,C.P. Virgen de la Asunción,7,July,440.8,1.42
47,C.P. Virgen de la Asunción,8,August,338.2,1.46
47,C.P. Virgen de la Asunción,9,September,546.8,1.25
47,C.P. Virgen de la Asunción,10,October,681.8,1.25
47,C.P. Virgen de la Asunción,11,November,647.8,1.25
47,C.P. Virgen de la Asunción,12,December,457.8,1.17
48,Av. Corts Valencianes,1,January,142.5,0.37
48,Av. Corts Valencianes,2,February,145.2,0.34
48,Av. Corts Valencianes,3,March,133.8,0.31
48,Av. Corts Valencianes,4,April,118.2,0.31
48,Av. Corts Valencianes,5,May,164.0,0.34
48,Av. Corts Valencianes,6,June,145.0,0.35
48,Av. Corts Valencianes,7,July,94.8,0.3
48,Av. Corts Valencianes,8,August,66.5,0.29
48,Av. Corts Valencianes,9,September,142.2,0.33
48,Av. Corts Valencianes,10,October,149.0,0.27
48,Av. Corts Valencianes,11,November,145.0,0.28
48,Av. Corts Valencianes,12,December,129.4,0.33
49,Av. Alicante 59,1,January,587.5,1.54
49,Av. Alicante 59,2,February,654.5,1.54
49,Av. Alicante 59,3,March,604.2,1.39
49,Av. Alicante 59,4,April,801.7,2.14
49,Av. Alicante 59,5,May,826.7,1.73
49,Av. Alicante 59,6,June,715.3,1.71
49,Av. Alicante 59,7,July,567.7,1.83
49,Av. Alicante 59,8,August,505.0,2.19
49,Av. Alicante 59,9,September,698.3,1.6
49,Av. Alicante 59,10,October,874.7,1.6
49,Av. Alicante 59,11,November,808.8,1.57
49,Av. Alicante 59,12,December,627.0,1.6
50,Borreguet,1,January,591.0,1.55
50,Borreguet,2,February,659.8,1.55
50,Borreguet,3,March,732.0,1.69
50,Borreguet,4,April,654.0,1.74
50,Borreguet,5,May,792.8,1.66
50,Borreguet,6,June,700.8,1.67
50,Borreguet,7,July,547.0,1.76
50,Borreguet,8,August,398.8,1.73
50,Borreguet,9,September,750.5,1.71
50,Borreguet,10,October,999.8,1.83
50,Borreguet,11,November,833.6,1.61
50,Borreguet,12,December,653.6,1.67
51,Ciudad deportiva zona sur,1,January,306.5,0.8
51,Ciudad deportiva zona sur,2,February,349.8,0.82
51,Ciudad deportiva zona sur,3,March,350.0,0.81
51,Ciudad deportiva zona sur,4,April,341.8,0.91
51,Ciudad deportiva zona sur,5,May,417.0,0.87
51,Ciudad deportiva zona sur,6,June,370.0,0.88
51,Ciudad deportiva zona sur,7,July,313.2,1.01
51,Ciudad deportiva zona sur,8,August,235.8,1.02
51,Ciudad deportiva zona sur,9,September,401.8,0.92
51,Ciudad deportiva zona sur,10,October,531.2,0.97
51,Ciudad deportiva zona sur,11,November,498.8,0.97
51,Ciudad deportiva zona sur,12,December,286.4,0.73
52,Centro salud el Toscar,1,January,176.5,0.46
52,Centro salud el Toscar,2,February,245.5,0.58
52,Centro salud el Toscar,3,March,260.5,0.6
52,Centro salud el Toscar,4,April,220.8,0.59
52,Centro salud el Toscar,5,May,258.2,0.54
52,Centro salud el Toscar,6,June,236.0,0.56
52,Centro salud el Toscar,7,July,209.5,0.67
52,Centro salud el Toscar,8,August,165.5,0.72
52,Centro salud el Toscar,9,September,241.0,0.55
52,Centro salud el Toscar,10,October,303.8,0.56
52,Centro salud el Toscar,11,November,257.5,0.5
52,Centro salud el Toscar,12,December,194.0,0.5
53,C.P. Victor Pradera,1,January,653.3,1.71
53,C.P. Victor Pradera,2,February,665.5,1.57
53,C.P. Victor Pradera,3,March,714.0,1.65
53,C.P. Victor Pradera,4,April,686.2,1.83
53,C.P. Victor Pradera,5,May,895.5,1.88
53,C.P. Victor Pradera,6,June,791.8,1.89
53,C.P. Victor Pradera,7,July,682.0,2.2
53,C.P. Victor Pradera,8,August,585.5,2.54
53,C.P. Victor Pradera,9,September,886.2,2.02
53,C.P. Victor Pradera,10,October,1016.0,1.86
53,C.P. Victor Pradera,11,November,989.0,1.92
53,C.P. Victor Pradera,12,December,723.5,1.85
54,Plaza de Benidorm,1,January,1167.7,3.06
54,Plaza de Benidorm,2,February,827.8,1.95
54,Plaza de Benidorm,3,March,982.8,2.27
54,Plaza de Benidorm,4,April,923.2,2.46
54,Plaza de Benidorm,5,May,1048.0,2.2
54,Plaza de Benidorm,6,June,965.8,2.3
54,Plaza de Benidorm,7,July,763.5,2.46
54,Plaza de Benidorm,8,August,568.8,2.46
54,Plaza de Benidorm,9,September,1002.0,2.29
54,Plaza de Benidorm,10,October,1339.8,2.46
54,Plaza de Benidorm,11,November,1309.5,2.54
54,Plaza de Benidorm,12,December,744.4,1.91
55,Pere Joan Perpinyà,1,January,635.3,1.67
55,Pere Joan Perpinyà,2,February,517.8,1.22
55,Pere Joan Perpinyà,3,March,600.8,1.39
55,Pere Joan Perpinyà,4,April,589.0,1.57
55,Pere Joan Perpinyà,5,May,623.2,1.31
55,Pere Joan Perpinyà,6,June,578.2,1.38
55,Pere Joan Perpinyà,7,July,484.8,1.56
55,Pere Joan Perpinyà,8,August,358.2,1.55
55,Pere Joan Perpinyà,9,September,621.8,1.42
55,Pere Joan Perpinyà,10,October,775.5,1.42
55,Pere Joan Perpinyà,11,November,744.2,1.44
55,Pere Joan Perpinyà,12,December,585.8,1.5
56,UMH / Torre Vaillo,1,January,179.8,0.47
56,UMH / Torre Vaillo,2,February,238.5,0.56
56,UMH / Torre Vaillo,3,March,275.2,0.64
56,UMH / Torre Vaillo,4,April,230.2,0.61
56,UMH / Torre Vaillo,5,May,351.5,0.74
56,UMH / Torre Vaillo,6,June,410.8,0.98
56,UMH / Torre Vaillo,7,July,301.5,0.97
56,UMH / Torre Vaillo,8,August,214.0,0.93
56,UMH / Torre Vaillo,9,September,349.2,0.8
56,UMH / Torre Vaillo,10,October,279.0,0.51
56,UMH / Torre Vaillo,11,November,285.5,0.55
56,UMH / Torre Vaillo,12,December,120.6,0.31
57,IES Torrellano,5,May,12.0,0.03
57,IES Torrellano,6,June,10.0,0.02
57,IES Torrellano,7,July,3.0,0.01
57,IES Torrellano,8,August,2.0,0.01
57,IES Torrellano,9,September,1.0,0.0
57,IES Torrellano,12,December,2.0,0.01
58,Polideportivo Torrellano,1,January,1.0,0.0
58,Polideportivo Torrellano,2,February,2.0,0.0
58,Polideportivo Torrellano,3,March,11.0,0.03
58,Polideportivo Torrellano,4,April,26.0,0.07
58,Polideportivo Torrellano,5,May,33.0,0.07
58,Polideportivo Torrellano,6,June,30.0,0.07
58,Polideportivo Torrellano,7,July,7.5,0.02
58,Polideportivo Torrellano,8,August,7.0,0.03
58,Polideportivo Torrellano,9,September,7.0,0.02
58,Polideportivo Torrellano,10,October,4.5,0.01
58,Polideportivo Torrellano,11,November,2.0,0.0
58,Polideportivo Torrellano,12,December,2.5,0.01
59,Calle San Crispín 1 Torrellano,5,May,28.0,0.06
59,Calle San Crispín 1 Torrellano,6,June,44.0,0.1
59,Calle San Crispín 1 Torrellano,7,July,12.0,0.04
59,Calle San Crispín 1 Torrellano,8,August,1.0,0.0
59,Calle San Crispín 1 Torrellano,9,September,8.0,0.02
59,Calle San Crispín 1 Torrellano,10,October,15.0,0.03
59,Calle San Crispín 1 Torrellano,11,November,2.0,0.0
59,Calle San Crispín 1 Torrellano,12,December,2.5,0.01
60,Carrer de la Figuera 2 Torrellano,2,February,2.0,0.0
60,Carrer de la Figuera 2 Torrellano,3,March,9.0,0.02
60,Carrer de la Figuera 2 Torrellano,4,April,23.0,0.06
60,Carrer de la Figuera 2 Torrellano,5,May,55.0,0.12
60,Carrer de la Figuera 2 Torrellano,6,June,70.0,0.17
60,Carrer de la Figuera 2 Torrellano,7,July,21.0,0.07
60,Carrer de la Figuera 2 Torrellano,8,August,8.0,0.03
60,Carrer de la Figuera 2 Torrellano,9,September,11.0,0.03
60,Carrer de la Figuera 2 Torrellano,10,October,21.0,0.04
60,Carrer de la Figuera 2 Torrellano,11,November,4.0,0.01
60,Carrer de la Figuera 2 Torrellano,12,December,6.0,0.02
61,Avenida Novelda 191,1,January,8.0,0.02
61,Avenida Novelda 191,2,February,15.0,0.04
61,Avenida Novelda 191,3,March,11.0,0.03
61,Avenida Novelda 191,4,April,13.0,0.03
61,Avenida Novelda 191,5,May,11.0,0.02
61,Avenida Novelda 191,6,June,2.0,0.0
61,Avenida Novelda 191,7,July,5.0,0.02
61,Avenida Novelda 191,8,August,7.0,0.03
61,Avenida Novelda 191,9,September,4.0,0.01
61,Avenida Novelda 191,10,October,18.0,0.03
61,Avenida Novelda 191,11,November,10.0,0.02
61,Avenida Novelda 191,12,December,7.0,0.02
62,Calle Inca con brea,1,January,3.0,0.01
62,Calle Inca con brea,2,February,25.0,0.06
62,Calle Inca con brea,3,March,14.0,0.03
62,Calle Inca con brea,4,April,14.0,0.04
62,Calle Inca con brea,5,May,16.0,0.03
62,Calle Inca con brea,6,June,39.0,0.09
62,Calle Inca con brea,7,July,28.0,0.09
62,Calle Inca con brea,8,August,47.0,0.2
62,Calle Inca con brea,9,September,76.0,0.17
62,Calle Inca con brea,10,October,132.0,0.24
62,Calle Inca con brea,11,November,110.0,0.21
62,Calle Inca con brea,12,December,129.0,0.33
63,CEIP Eugeni d’Ors,2,February,59.0,0.14
63,CEIP Eugeni d’Ors,3,March,44.0,0.1
63,CEIP Eugeni d’Ors,4,April,43.0,0.11
63,CEIP Eugeni d’Ors,5,May,56.0,0.12
63,CEIP Eugeni d’Ors,6,June,43.0,0.1
63,CEIP Eugeni d’Ors,7,July,33.0,0.11
63,CEIP Eugeni d’Ors,8,August,31.0,0.13
63,CEIP Eugeni d’Ors,9,September,103.0,0.24
63,CEIP Eugeni d’Ors,10,October,146.0,0.27
63,CEIP Eugeni d’Ors,11,November,172.0,0.33
63,CEIP Eugeni d’Ors,12,December,104.0,0.27
64,Jardín 25 de abril,2,February,1.0,0.0
64,Jardín 25 de abril,3,March,43.0,0.1
64,Jardín 25 de abril,4,April,96.0,0.26
64,Jardín 25 de abril,5,May,55.0,0.12
64,Jardín 25 de abril,6,June,65.0,0.16
64,Jardín 25 de abril,7,July,56.0,0.18
64,Jardín 25 de abril,8,August,54.0,0.23
64,Jardín 25 de abril,9,September,61.0,0.14
64,Jardín 25 de abril,10,October,68.0,0.12
64,Jardín 25 de abril,11,November,78.0,0.15
64,Jardín 25 de abril,12,December,76.0,0.19
65,C.P. El toscar,1,January,1.0,0.0
65,C.P. El toscar,3,March,50.0,0.12
65,C.P. El toscar,4,April,122.0,0.32
65,C.P. El toscar,5,May,156.0,0.33
65,C.P. El toscar,6,June,239.0,0.57
65,C.P. El toscar,7,July,225.0,0.72
65,C.P. El toscar,8,August,198.0,0.86
65,C.P. El toscar,9,September,219.0,0.5
65,C.P. El toscar,10,October,325.0,0.6
65,C.P. El toscar,11,November,273.0,0.53
65,C.P. El toscar,12,December,265.0,0.68
66,Jardín escritor Juan Fuster,1,January,1.0,0.0
66,Jardín escritor Juan Fuster,2,February,75.0,0.18
66,Jardín escritor Juan Fuster,3,March,96.0,0.22
66,Jardín escritor Juan Fuster,4,April,80.0,0.21
66,Jardín escritor Juan Fuster,5,May,101.0,0.21
66,Jardín escritor Juan Fuster,6,June,66.0,0.16
66,Jardín escritor Juan Fuster,7,July,138.0,0.44
66,Jardín escritor Juan Fuster,8,August,62.0,0.27
66,Jardín escritor Juan Fuster,9,September,102.0,0.23
66,Jardín escritor Juan Fuster,10,October,100.0,0.18
66,Jardín escritor Juan Fuster,11,November,169.0,0.33
66,Jardín escritor Juan Fuster,12,December,133.0,0.34
67,Calle Grao con Victoria Kent,2,February,161.0,0.38
67,Calle Grao con Victoria Kent,3,March,201.0,0.46
67,Calle Grao con Victoria Kent,4,April,238.0,0.63
67,Calle Grao con Victoria Kent,5,May,275.0,0.58
67,Calle Grao con Victoria Kent,6,June,163.0,0.39
67,Calle Grao con Victoria Kent,7,July,151.0,0.49
67,Calle Grao con Victoria Kent,8,August,120.0,0.52
67,Calle Grao con Victoria Kent,9,September,239.0,0.55
67,Calle Grao con Victoria Kent,10,October,296.0,0.54
67,Calle Grao con Victoria Kent,11,November,230.0,0.45
67,Calle Grao con Victoria Kent,12,December,249.0,0.64
68,Arturo Salvetti Pardo,2,February,1.0,0.0
68,Arturo Salvetti Pardo,3,March,74.0,0.17
68,Arturo Salvetti Pardo,4,April,47.0,0.13
68,Arturo Salvetti Pardo,5,May,48.0,0.1
68,Arturo Salvetti Pardo,6,June,112.0,0.27
68,Arturo Salvetti Pardo,7,July,126.0,0.41
68,Arturo Salvetti Pardo,8,August,132.0,0.57
68,Arturo Salvetti Pardo,9,September,148.0,0.34
68,Arturo Salvetti Pardo,10,October,187.0,0.34
68,Arturo Salvetti Pardo,11,November,198.0,0.38
68,Arturo Salvetti Pardo,12,December,78.5,0.2
69,Olegario Domarco Seller 44,2,February,4.0,0.01
69,Olegario Domarco Seller 44,3,March,260.0,0.6
69,Olegario Domarco Seller 44,4,April,336.0,0.89
69,Olegario Domarco Seller 44,5,May,422.0,0.88
69,Olegario Domarco Seller 44,6,June,358.0,0.85
69,Olegario Domarco Seller 44,7,July,346.0,1.11
69,Olegario Domarco Seller 44,8,August,282.0,1.22
69,Olegario Domarco Seller 44,9,September,465.0,1.06
69,Olegario Domarco Seller 44,10,October,657.0,1.2
69,Olegario Domarco Seller 44,11,November,648.0,1.26
69,Olegario Domarco Seller 44,12,December,513.0,1.31
70,Libertad-Diagonal,1,January,301.0,0.79
70,Libertad-Diagonal,2,February,634.0,1.49
70,Libertad-Diagonal,3,March,642.0,1.48
70,Libertad-Diagonal,4,April,676.0,1.8
70,Libertad-Diagonal,5,May,911.0,1.91
70,Libertad-Diagonal,6,June,797.0,1.9
70,Libertad-Diagonal,7,July,680.0,2.19
70,Libertad-Diagonal,8,August,533.0,2.31
70,Libertad-Diagonal,9,September,984.0,2.25
70,Libertad-Diagonal,10,October,1215.0,2.23
70,Libertad-Diagonal,11,November,925.0,1.79
70,Libertad-Diagonal,12,December,429.5,1.1
71,IES Carrús,1,January,1.0,0.0
71,IES Carrús,2,February,300.0,0.71
71,IES Carrús,3,March,328.0,0.76
71,IES Carrús,4,April,382.0,1.02
71,IES Carrús,5,May,506.0,1.06
71,IES Carrús,6,June,588.0,1.4
71,IES Carrús,7,July,362.0,1.17
71,IES Carrús,8,August,336.0,1.45
71,IES Carrús,9,September,555.0,1.27
71,IES Carrús,10,October,713.0,1.31
71,IES Carrús,11,November,598.0,1.16
71,IES Carrús,12,December,458.0,1.17
72,Plaza de madrid,1,January,1.0,0.0
72,Plaza de madrid,6,June,120.0,0.29
72,Plaza de madrid,7,July,400.0,1.29
72,Plaza de madrid,8,August,283.0,1.23
72,Plaza de madrid,9,September,621.0,1.42
72,Plaza de madrid,10,October,588.0,1.08
72,Plaza de madrid,11,November,608.0,1.18
72,Plaza de madrid,12,December,536.0,1.37
73,Plaza de la aparadora,2,February,228.0,0.54
73,Plaza de la aparadora,3,March,271.0,0.63
73,Plaza de la aparadora,4,April,277.0,0.74
73,Plaza de la aparadora,5,May,338.0,0.71
73,Plaza de la aparadora,6,June,311.0,0.74
73,Plaza de la aparadora,7,July,236.0,0.76
73,Plaza de la aparadora,8,August,228.0,0.99
73,Plaza de la aparadora,9,September,343.0,0.78
73,Plaza de la aparadora,10,October,402.0,0.74
73,Plaza de la aparadora,11,November,347.0,0.67
73,Plaza de la aparadora,12,December,145.0,0.37
74,IES Nit de l´Albà,1,January,3.0,0.01
74,IES Nit de l´Albà,2,February,322.0,0.76
74,IES Nit de l´Albà,3,March,428.0,0.99
74,IES Nit de l´Albà,4,April,411.0,1.09
74,IES Nit de l´Albà,5,May,464.0,0.97
74,IES Nit de l´Albà,6,June,362.0,0.86
74,IES Nit de l´Albà,7,July,197.0,0.63
74,IES Nit de l´Albà,8,August,158.0,0.68
74,IES Nit de l´Albà,9,September,316.0,0.72
74,IES Nit de l´Albà,10,October,443.0,0.81
74,IES Nit de l´Albà,11,November,307.0,0.59
74,IES Nit de l´Albà,12,December,129.5,0.33
75,L´aljub,1,January,422.0,1.11
75,L´aljub,2,February,730.0,1.72
75,L´aljub,3,March,864.0,1.99
75,L´aljub,4,April,754.0,2.01
75,L´aljub,5,May,890.0,1.86
75,L´aljub,6,June,823.0,1.96
75,L´aljub,7,July,726.0,2.34
75,L´aljub,8,August,564.0,2.44
75,L´aljub,9,September,1014.0,2.32
75,L´aljub,10,October,1280.0,2.35
75,L´aljub,11,November,1408.0,2.73
75,L´aljub,12,December,586.5,1.5
76,Puente Altamira,1,January,141.0,0.37
76,Puente Altamira,2,February,372.0,0.87
76,Puente Altamira,3,March,359.0,0.83
76,Puente Altamira,4,April,433.0,1.15
76,Puente Altamira,5,May,660.0,1.38
76,Puente Altamira,6,June,465.0,1.11
76,Puente Altamira,7,July,388.0,1.25
76,Puente Altamira,8,August,377.0,1.63
76,Puente Altamira,9,September,491.0,1.12
76,Puente Altamira,10,October,586.0,1.07
76,Puente Altamira,11,November,562.0,1.09
76,Puente Altamira,12,December,486.0,1.24
77,Plaza Obispo Siuri,1,January,3.0,0.01
77,Plaza Obispo Siuri,2,February,7.0,0.02
77,Plaza Obispo Siuri,3,March,268.0,0.62
77,Plaza Obispo Siuri,4,April,387.0,1.03
77,Plaza Obispo Siuri,5,May,394.0,0.83
77,Plaza Obispo Siuri,6,June,473.0,1.13
77,Plaza Obispo Siuri,7,July,449.0,1.45
77,Plaza Obispo Siuri,8,August,416.0,1.8
77,Plaza Obispo Siuri,9,September,587.0,1.34
77,Plaza Obispo Siuri,10,October,739.0,1.35
77,Plaza Obispo Siuri,11,November,559.0,1.08
77,Plaza Obispo Siuri,12,December,236.5,0.61
78,Jorge Juan 24,1,January,2.0,0.01
78,Jorge Juan 24,2,February,353.0,0.83
78,Jorge Juan 24,3,March,575.0,1.33
78,Jorge Juan 24,4,April,530.0,1.41
78,Jorge Juan 24,5,May,638.0,1.34
78,Jorge Juan 24,6,June,559.0,1.33
78,Jorge Juan 24,7,July,490.0,1.58
78,Jorge Juan 24,8,August,409.0,1.77
78,Jorge Juan 24,9,September,591.0,1.35
78,Jorge Juan 24,10,October,675.0,1.24
78,Jorge Juan 24,11,November,677.0,1.31
78,Jorge Juan 24,12,December,601.0,1.54
79,Intercambiador pasarela,4,April,122.0,0.32
79,Intercambiador pasarela,5,May,316.0,0.66
79,Intercambiador pasarela,6,June,382.0,0.91
79,Intercambiador pasarela,7,July,339.0,1.09
79,Intercambiador pasarela,8,August,401.0,1.74
79,Intercambiador pasarela,9,September,770.0,1.76
79,Intercambiador pasarela,10,October,965.0,1.77
79,Intercambiador pasarela,11,November,870.0,1.69
79,Intercambiador pasarela,12,December,588.0,1.5
80,Reina Victoria con Gabriel Miró,1,January,166.0,0.44
80,Reina Victoria con Gabriel Miró,2,February,545.0,1.28
80,Reina Victoria con Gabriel Miró,3,March,575.0,1.33
80,Reina Victoria con Gabriel Miró,4,April,673.0,1.79
80,Reina Victoria con Gabriel Miró,5,May,717.0,1.5
80,Reina Victoria con Gabriel Miró,6,June,682.0,1.63
80,Reina Victoria con Gabriel Miró,7,July,592.0,1.91
80,Reina Victoria con Gabriel Miró,8,August,425.0,1.84
80,Reina Victoria con Gabriel Miró,9,September,760.0,1.74
80,Reina Victoria con Gabriel Miró,10,October,891.0,1.63
80,Reina Victoria con Gabriel Miró,11,November,893.0,1.73
80,Reina Victoria con Gabriel Miró,12,December,679.0,1.74
81,C.S. Doctor Sapena,1,January,1.0,0.0
81,C.S. Doctor Sapena,2,February,289.0,0.68
81,C.S. Doctor Sapena,3,March,370.0,0.85
81,C.S. Doctor Sapena,4,April,362.0,0.96
81,C.S. Doctor Sapena,5,May,349.0,0.73
81,C.S. Doctor Sapena,6,June,463.0,1.1
81,C.S. Doctor Sapena,7,July,369.0,1.19
81,C.S. Doctor Sapena,8,August,416.0,1.8
81,C.S. Doctor Sapena,9,September,600.0,1.37
81,C.S. Doctor Sapena,10,October,841.0,1.54
81,C.S. Doctor Sapena,11,November,837.0,1.62
81,C.S. Doctor Sapena,12,December,310.0,0.79
82,Antonio Machado 73,1,January,199.0,0.52
82,Antonio Machado 73,2,February,186.0,0.44
82,Antonio Machado 73,3,March,239.0,0.55
82,Antonio Machado 73,4,April,289.0,0.77
82,Antonio Machado 73,5,May,270.0,0.57
82,Antonio Machado 73,6,June,258.0,0.62
82,Antonio Machado 73,7,July,346.0,1.11
82,Antonio Machado 73,8,August,205.0,0.89
82,Antonio Machado 73,9,September,56.0,0.13
83,Conrado del campo 35,1,January,53.0,0.14
83,Conrado del campo 35,2,February,195.0,0.46
83,Conrado del campo 35,3,March,297.0,0.69
83,Conrado del campo 35,4,April,283.0,0.75
83,Conrado del campo 35,5,May,343.0,0.72
83,Conrado del campo 35,6,June,328.0,0.78
83,Conrado del campo 35,7,July,303.0,0.98
83,Conrado del campo 35,8,August,216.0,0.94
83,Conrado del campo 35,9,September,376.0,0.86
83,Conrado del campo 35,10,October,416.0,0.76
83,Conrado del campo 35,11,November,410.0,0.79
83,Conrado del campo 35,12,December,139.5,0.36
84,Fernanda Santa María 64,1,January,30.0,0.08
84,Fernanda Santa María 64,2,February,201.0,0.47
84,Fernanda Santa María 64,3,March,233.0,0.54
84,Fernanda Santa María 64,4,April,300.0,0.8
84,Fernanda Santa María 64,5,May,348.0,0.73
84,Fernanda Santa María 64,6,June,351.0,0.84
84,Fernanda Santa María 64,7,July,238.0,0.77
84,Fernanda Santa María 64,8,August,286.0,1.24
84,Fernanda Santa María 64,9,September,476.0,1.09
84,Fernanda Santa María 64,10,October,447.0,0.82
84,Fernanda Santa María 64,11,November,430.0,0.83
84,Fernanda Santa María 64,12,December,471.0,1.21
85,Sor Josefa Alcorta 34,1,January,43.0,0.11
85,Sor Josefa Alcorta 34,2,February,456.0,1.07
85,Sor Josefa Alcorta 34,3,March,455.0,1.05
85,Sor Josefa Alcorta 34,4,April,535.0,1.42
85,Sor Josefa Alcorta 34,5,May,622.0,1.3
85,Sor Josefa Alcorta 34,6,June,605.0,1.44
85,Sor Josefa Alcorta 34,7,July,471.0,1.52
85,Sor Josefa Alcorta 34,8,August,399.0,1.73
85,Sor Josefa Alcorta 34,9,September,576.0,1.32
85,Sor Josefa Alcorta 34,10,October,734.0,1.35
85,Sor Josefa Alcorta 34,11,November,642.0,1.24
85,Sor Josefa Alcorta 34,12,December,524.0,1.34
86,El Corte Inglés,1,January,284.0,0.75
86,El Corte Inglés,2,February,328.0,0.77
86,El Corte Inglés,3,March,294.0,0.68
86,El Corte Inglés,4,April,388.0,1.03
86,El Corte Inglés,5,May,417.0,0.87
86,El Corte Inglés,6,June,496.0,1.18
86,El Corte Inglés,7,July,487.0,1.57
86,El Corte Inglés,8,August,387.0,1.68
86,El Corte Inglés,9,September,480.0,1.1
86,El Corte Inglés,10,October,582.0,1.07
86,El Corte Inglés,11,November,583.0,1.13
86,El Corte Inglés,12,December,559.0,1.43
87,CEIP Sanchis Guarner,1,January,11.0,0.03
87,CEIP Sanchis Guarner,2,February,161.0,0.38
87,CEIP Sanchis Guarner,3,March,160.0,0.37
87,CEIP Sanchis Guarner,4,April,172.0,0.46
87,CEIP Sanchis Guarner,5,May,162.0,0.34
87,CEIP Sanchis Guarner,6,June,195.0,0.47
87,CEIP Sanchis Guarner,7,July,190.0,0.61
87,CEIP Sanchis Guarner,8,August,159.0,0.69
87,CEIP Sanchis Guarner,9,September,280.0,0.64
87,CEIP Sanchis Guarner,10,October,337.0,0.62
87,CEIP Sanchis Guarner,11,November,262.0,0.51
87,CEIP Sanchis Guarner,12,December,226.0,0.58
88,Pistas del Pla,1,January,12.0,0.03
88,Pistas del Pla,2,February,161.0,0.38
88,Pistas del Pla,3,March,235.0,0.54
88,Pistas del Pla,4,April,232.0,0.62
88,Pistas del Pla,5,May,325.0,0.68
88,Pistas del Pla,6,June,278.0,0.66
88,Pistas del Pla,7,July,258.0,0.83
88,Pistas del Pla,8,August,165.0,0.71
88,Pistas del Pla,9,September,342.0,0.78
88,Pistas del Pla,10,October,456.0,0.84
88,Pistas del Pla,11,November,429.0,0.83
88,Pistas del Pla,12,December,162.0,0.41
89,CEIP Dama d´Elx,2,February,85.0,0.2
89,CEIP Dama d´Elx,3,March,200.0,0.46
89,CEIP Dama d´Elx,4,April,262.0,0.7
89,CEIP Dama d´Elx,5,May,302.0,0.63
89,CEIP Dama d´Elx,6,June,296.0,0.71
89,CEIP Dama d´Elx,7,July,326.0,1.05
89,CEIP Dama d´Elx,8,August,291.0,1.26
89,CEIP Dama d´Elx,9,September,330.0,0.75
89,CEIP Dama d´Elx,10,October,429.0,0.79
89,CEIP Dama d´Elx,11,November,325.0,0.63
89,CEIP Dama d´Elx,12,December,223.0,0.57
90,Centro salud el Pla,1,January,3.0,0.01
90,Centro salud el Pla,2,February,132.0,0.31
90,Centro salud el Pla,3,March,170.0,0.39
90,Centro salud el Pla,4,April,198.0,0.53
90,Centro salud el Pla,5,May,314.0,0.66
90,Centro salud el Pla,6,June,363.0,0.87
90,Centro salud el Pla,7,July,261.0,0.84
90,Centro salud el Pla,8,August,261.0,1.13
90,Centro salud el Pla,9,September,416.0,0.95
90,Centro salud el Pla,10,October,484.0,0.89
90,Centro salud el Pla,11,November,497.0,0.96
90,Centro salud el Pla,12,December,396.0,1.01
91,Centro social el Pla,2,February,145.0,0.34
91,Centro social el Pla,3,March,217.0,0.5
91,Centro social el Pla,4,April,218.0,0.58
91,Centro social el Pla,5,May,311.0,0.65
91,Centro social el Pla,6,June,255.0,0.61
91,Centro social el Pla,7,July,233.0,0.75
91,Centro social el Pla,8,August,149.0,0.65
91,Centro social el Pla,9,September,266.0,0.61
91,Centro social el Pla,10,October,268.0,0.49
91,Centro social el Pla,11,November,338.0,0.65
91,Centro social el Pla,12,December,229.0,0.59
92,Parking Candalix,1,January,1.0,0.0
92,Parking Candalix,2,February,4.0,0.01
92,Parking Candalix,3,March,19.0,0.04
92,Parking Candalix,4,April,159.0,0.42
92,Parking Candalix,5,May,202.0,0.42
92,Parking Candalix,6,June,242.0,0.58
92,Parking Candalix,7,July,381.0,1.23
92,Parking Candalix,8,August,211.0,0.91
92,Parking Candalix,9,September,257.0,0.59
92,Parking Candalix,10,October,371.0,0.68
92,Parking Candalix,11,November,326.0,0.63
92,Parking Candalix,12,December,229.0,0.59
93,Parque Rey Jaume I,1,January,275.0,0.72
93,Parque Rey Jaume I,2,February,409.0,0.96
93,Parque Rey Jaume I,3,March,430.0,0.99
93,Parque Rey Jaume I,4,April,498.0,1.33
93,Parque Rey Jaume I,5,May,754.0,1.58
93,Parque Rey Jaume I,6,June,660.0,1.57
93,Parque Rey Jaume I,7,July,476.0,1.53
93,Parque Rey Jaume I,8,August,428.0,1.85
93,Parque Rey Jaume I,9,September,868.0,1.98
93,Parque Rey Jaume I,10,October,1164.0,2.13
93,Parque Rey Jaume I,11,November,994.0,1.93
93,Parque Rey Jaume I,12,December,374.5,0.96
94,Parking Gran Teatre,1,January,327.0,0.86
94,Parking Gran Teatre,2,February,525.0,1.23
94,Parking Gran Teatre,3,March,559.0,1.29
94,Parking Gran Teatre,4,April,480.0,1.28
94,Parking Gran Teatre,5,May,537.0,1.12
94,Parking Gran Teatre,6,June,533.0,1.27
94,Parking Gran Teatre,7,July,502.0,1.62
94,Parking Gran Teatre,8,August,425.0,1.84
94,Parking Gran Teatre,9,September,631.0,1.44
94,Parking Gran Teatre,10,October,861.0,1.58
94,Parking Gran Teatre,11,November,826.0,1.6
94,Parking Gran Teatre,12,December,329.5,0.84
95,IES Vicente Verdu,1,January,7.0,0.02
95,IES Vicente Verdu,2,February,52.0,0.12
95,IES Vicente Verdu,3,March,50.0,0.12
95,IES Vicente Verdu,4,April,49.0,0.13
95,IES Vicente Verdu,5,May,56.0,0.12
95,IES Vicente Verdu,6,June,37.0,0.09
95,IES Vicente Verdu,7,July,18.0,0.06
95,IES Vicente Verdu,8,August,26.0,0.11
95,IES Vicente Verdu,9,September,119.0,0.27
95,IES Vicente Verdu,10,October,275.0,0.5
95,IES Vicente Verdu,11,November,253.0,0.49
95,IES Vicente Verdu,12,December,158.0,0.4
96,Puente de Santa Teresa,1,January,114.0,0.3
96,Puente de Santa Teresa,2,February,644.0,1.51
96,Puente de Santa Teresa,3,March,802.0,1.85
96,Puente de Santa Teresa,4,April,851.0,2.27
96,Puente de Santa Teresa,5,May,1012.0,2.12
96,Puente de Santa Teresa,6,June,943.0,2.25
96,Puente de Santa Teresa,7,July,727.0,2.34
96,Puente de Santa Teresa,8,August,599.0,2.59
96,Puente de Santa Teresa,9,September,1083.0,2.47
96,Puente de Santa Teresa,10,October,1418.0,2.6
96,Puente de Santa Teresa,11,November,1394.0,2.7
96,Puente de Santa Teresa,12,December,557.0,1.43
97,Huerto del cura,1,January,21.0,0.06
97,Huerto del cura,2,February,126.0,0.3
97,Huerto del cura,3,March,187.0,0.43
97,Huerto del cura,4,April,179.0,0.48
97,Huerto del cura,5,May,274.0,0.57
97,Huerto del cura,6,June,313.0,0.75
97,Huerto del cura,7,July,207.0,0.67
97,Huerto del cura,8,August,182.0,0.79
97,Huerto del cura,9,September,289.0,0.66
97,Huerto del cura,10,October,335.0,0.61
97,Huerto del cura,11,November,331.0,0.64
97,Huerto del cura,12,December,141.5,0.36
98,IES Sixto Marco,1,January,55.0,0.14
98,IES Sixto Marco,2,February,320.0,0.75
98,IES Sixto Marco,3,March,455.0,1.05
98,IES Sixto Marco,4,April,368.0,0.98
98,IES Sixto Marco,5,May,468.0,0.98
98,IES Sixto Marco,6,June,375.0,0.89
98,IES Sixto Marco,7,July,170.0,0.55
98,IES Sixto Marco,8,August,107.0,0.46
98,IES Sixto Marco,9,September,507.0,1.16
98,IES Sixto Marco,10,October,702.0,1.29
98,IES Sixto Marco,11,November,617.0,1.2
98,IES Sixto Marco,12,December,217.0,0.56
99,IES La Asunción,1,January,57.0,0.15
99,IES La Asunción,2,February,263.0,0.62
99,IES La Asunción,3,March,249.0,0.57
99,IES La Asunción,4,April,298.0,0.79
99,IES La Asunción,5,May,370.0,0.78
99,IES La Asunción,6,June,256.0,0.61
99,IES La Asunción,7,July,206.0,0.66
99,IES La Asunción,8,August,194.0,0.84
99,IES La Asunción,9,September,436.0,1.0
99,IES La Asunción,10,October,496.0,0.91
99,IES La Asunción,11,November,456.0,0.88
99,IES La Asunción,12,December,280.0,0.72
100,C.S. Raval,1,January,8.0,0.02
100,C.S. Raval,2,February,281.0,0.66
100,C.S. Raval,3,March,307.0,0.71
100,C.S. Raval,4,April,340.0,0.91
100,C.S. Raval,5,May,632.0,1.32
100,C.S. Raval,6,June,518.0,1.24
100,C.S. Raval,7,July,376.0,1.21
100,C.S. Raval,8,August,376.0,1.63
100,C.S. Raval,9,September,776.0,1.77
100,C.S. Raval,10,October,978.0,1.79
100,C.S. Raval,11,November,949.0,1.84
100,C.S. Raval,12,December,679.0,1.74
101,UMH-La Galia,1,January,36.0,0.09
101,UMH-La Galia,2,February,144.0,0.34
101,UMH-La Galia,3,March,175.0,0.4
101,UMH-La Galia,4,April,221.0,0.59
101,UMH-La Galia,5,May,334.0,0.7
101,UMH-La Galia,6,June,222.0,0.53
101,UMH-La Galia,7,July,138.0,0.44
101,UMH-La Galia,8,August,68.0,0.29
101,UMH-La Galia,9,September,340.0,0.78
101,UMH-La Galia,10,October,520.0,0.95
101,UMH-La Galia,11,November,501.0,0.97
101,UMH-La Galia,12,December,292.0,0.75
102,UMH-Altabix,1,January,82.0,0.22
102,UMH-Altabix,2,February,393.0,0.92
102,UMH-Altabix,3,March,379.0,0.87
102,UMH-Altabix,4,April,312.0,0.83
102,UMH-Altabix,5,May,597.0,1.25
102,UMH-Altabix,6,June,405.0,0.97
102,UMH-Altabix,7,July,189.0,0.61
102,UMH-Altabix,8,August,24.0,0.1
102,UMH-Altabix,9,September,660.0,1.51
102,UMH-Altabix,10,October,1150.0,2.11
102,UMH-Altabix,11,November,980.0,1.9
102,UMH-Altabix,12,December,590.0,1.51
103,UMH-Altet,1,January,38.0,0.1
103,UMH-Altet,2,February,248.0,0.58
103,UMH-Altet,3,March,382.0,0.88
103,UMH-Altet,4,April,318.0,0.85
103,UMH-Altet,5,May,338.0,0.71
103,UMH-Altet,6,June,104.0,0.25
103,UMH-Altet,7,July,116.0,0.37
103,UMH-Altet,8,August,24.0,0.1
103,UMH-Altet,9,September,425.0,0.97
103,UMH-Altet,10,October,659.0,1.21
103,UMH-Altet,11,November,515.0,1.0
103,UMH-Altet,12,December,170.5,0.44
104,UMH-Arenals,1,January,40.0,0.1
104,UMH-Arenals,2,February,228.0,0.54
104,UMH-Arenals,3,March,228.0,0.53
104,UMH-Arenals,4,April,174.0,0.46
104,UMH-Arenals,5,May,220.0,0.46
104,UMH-Arenals,6,June,206.0,0.49
104,UMH-Arenals,7,July,139.0,0.45
104,UMH-Arenals,8,August,70.0,0.3
104,UMH-Arenals,9,September,528.0,1.21
104,UMH-Arenals,10,October,791.0,1.45
104,UMH-Arenals,11,November,600.0,1.16
104,UMH-Arenals,12,December,169.5,0.43
105,Almansa con Avda. Novelda,1,January,46.0,0.12
105,Almansa con Avda. Novelda,2,February,135.0,0.32
105,Almansa con Avda. Novelda,3,March,170.0,0.39
105,Almansa con Avda. Novelda,4,April,165.0,0.44
105,Almansa con Avda. Novelda,5,May,158.0,0.33
105,Almansa con Avda. Novelda,6,June,185.0,0.44
105,Almansa con Avda. Novelda,7,July,212.0,0.68
105,Almansa con Avda. Novelda,8,August,138.0,0.6
105,Almansa con Avda. Novelda,9,September,203.0,0.46
105,Almansa con Avda. Novelda,10,October,264.0,0.48
105,Almansa con Avda. Novelda,11,November,240.0,0.46
105,Almansa con Avda. Novelda,12,December,178.0,0.46
106,Estadio Manolo Jaén,2,February,272.0,0.64
106,Estadio Manolo Jaén,3,March,363.0,0.84
106,Estadio Manolo Jaén,4,April,370.0,0.99
106,Estadio Manolo Jaén,5,May,416.0,0.87
106,Estadio Manolo Jaén,6,June,260.0,0.62
106,Estadio Manolo Jaén,7,July,234.0,0.75
106,Estadio Manolo Jaén,8,August,192.0,0.83
106,Estadio Manolo Jaén,9,September,434.0,0.99
106,Estadio Manolo Jaén,10,October,615.0,1.13
106,Estadio Manolo Jaén,11,November,522.0,1.01
106,Estadio Manolo Jaén,12,December,330.0,0.84
107,Josefina Manresa,2,February,11.0,0.03
107,Josefina Manresa,3,March,18.0,0.04
107,Josefina Manresa,4,April,98.0,0.26
107,Josefina Manresa,5,May,137.0,0.29
107,Josefina Manresa,6,June,128.0,0.31
107,Josefina Manresa,7,July,148.0,0.48
107,Josefina Manresa,8,August,67.0,0.29
107,Josefina Manresa,9,September,109.0,0.25
107,Josefina Manresa,10,October,177.0,0.32
107,Josefina Manresa,11,November,150.0,0.29
107,Josefina Manresa,12,December,98.0,0.25
108,José Ferrández Cruz,1,January,16.0,0.04
108,José Ferrández Cruz,2,February,129.0,0.3
108,José Ferrández Cruz,3,March,118.0,0.27
108,José Ferrández Cruz,4,April,173.0,0.46
108,José Ferrández Cruz,5,May,167.0,0.35
108,José Ferrández Cruz,6,June,183.0,0.44
108,José Ferrández Cruz,7,July,186.0,0.6
108,José Ferrández Cruz,8,August,140.0,0.61
108,José Ferrández Cruz,9,September,251.0,0.57
108,José Ferrández Cruz,10,October,247.0,0.45
108,José Ferrández Cruz,11,November,179.0,0.35
108,José Ferrández Cruz,12,December,179.0,0.46
109,Parque Huerto del Torreret,1,January,8.0,0.02
109,Parque Huerto del Torreret,2,February,222.0,0.52
109,Parque Huerto del Torreret,3,March,378.0,0.87
109,Parque Huerto del Torreret,4,April,458.0,1.22
109,Parque Huerto del Torreret,5,May,446.0,0.93
109,Parque Huerto del Torreret,6,June,474.0,1.13
109,Parque Huerto del Torreret,7,July,426.0,1.37
109,Parque Huerto del Torreret,8,August,369.0,1.6
109,Parque Huerto del Torreret,9,September,514.0,1.17
109,Parque Huerto del Torreret,10,October,691.0,1.27
109,Parque Huerto del Torreret,11,November,567.0,1.1
109,Parque Huerto del Torreret,12,December,217.5,0.56
110,Avda Novelda con Obispo Barrachina,2,February,147.0,0.35
110,Avda Novelda con Obispo Barrachina,3,March,214.0,0.49
110,Avda Novelda con Obispo Barrachina,4,April,214.0,0.57
110,Avda Novelda con Obispo Barrachina,5,May,350.0,0.73
110,Avda Novelda con Obispo Barrachina,6,June,320.0,0.76
110,Avda Novelda con Obispo Barrachina,7,July,317.0,1.02
110,Avda Novelda con Obispo Barrachina,8,August,260.0,1.13
110,Avda Novelda con Obispo Barrachina,9,September,337.0,0.77
110,Avda Novelda con Obispo Barrachina,10,October,420.0,0.77
110,Avda Novelda con Obispo Barrachina,11,November,282.0,0.55
110,Avda Novelda con Obispo Barrachina,12,December,239.0,0.61
111,Avenida Alicante 38,1,January,7.0,0.02
111,Avenida Alicante 38,2,February,347.0,0.82
111,Avenida Alicante 38,3,March,484.0,1.12
111,Avenida Alicante 38,4,April,403.0,1.07
111,Avenida Alicante 38,5,May,605.0,1.27
111,Avenida Alicante 38,6,June,717.0,1.71
111,Avenida Alicante 38,7,July,523.0,1.68
111,Avenida Alicante 38,8,August,321.0,1.39
111,Avenida Alicante 38,9,September,493.0,1.13
111,Avenida Alicante 38,10,October,686.0,1.26
111,Avenida Alicante 38,11,November,552.0,1.07
111,Avenida Alicante 38,12,December,418.0,1.07
112,CEIP San Fernando,1,January,19.0,0.05
112,CEIP San Fernando,2,February,123.0,0.29
112,CEIP San Fernando,3,March,119.0,0.27
112,CEIP San Fernando,4,April,95.0,0.25
112,CEIP San Fernando,5,May,127.0,0.27
112,CEIP San Fernando,6,June,92.0,0.22
112,CEIP San Fernando,7,July,54.0,0.17
112,CEIP San Fernando,8,August,62.0,0.27
112,CEIP San Fernando,9,September,93.5,0.21
112,CEIP San Fernando,10,October,225.0,0.41
112,CEIP San Fernando,11,November,186.0,0.36
112,CEIP San Fernando,12,December,146.0,0.37
113,Alcalde Juan Hernández,2,February,90.0,0.21
113,Alcalde Juan Hernández,3,March,115.0,0.27
113,Alcalde Juan Hernández,4,April,124.0,0.33
113,Alcalde Juan Hernández,5,May,142.0,0.3
113,Alcalde Juan Hernández,6,June,226.0,0.54
113,Alcalde Juan Hernández,7,July,261.0,0.84
113,Alcalde Juan Hernández,8,August,99.0,0.43
113,Alcalde Juan Hernández,9,September,215.0,0.49
113,Alcalde Juan Hernández,10,October,217.0,0.4
113,Alcalde Juan Hernández,11,November,244.0,0.47
113,Alcalde Juan Hernández,12,December,216.0,0.55
114,Jardin Biólogo Antonio de Zulueta,2,February,105.0,0.25
114,Jardin Biólogo Antonio de Zulueta,3,March,103.0,0.24
114,Jardin Biólogo Antonio de Zulueta,4,April,99.0,0.26
114,Jardin Biólogo Antonio de Zulueta,5,May,140.0,0.29
114,Jardin Biólogo Antonio de Zulueta,6,June,145.0,0.35
114,Jardin Biólogo Antonio de Zulueta,7,July,83.0,0.27
114,Jardin Biólogo Antonio de Zulueta,8,August,147.0,0.64
114,Jardin Biólogo Antonio de Zulueta,9,September,265.0,0.61
114,Jardin Biólogo Antonio de Zulueta,10,October,405.0,0.74
114,Jardin Biólogo Antonio de Zulueta,11,November,406.0,0.79
114,Jardin Biólogo Antonio de Zulueta,12,December,148.0,0.38
115,Passeig d´Atzavares,1,January,2.0,0.01
115,Passeig d´Atzavares,2,February,89.0,0.21
115,Passeig d´Atzavares,3,March,159.0,0.37
115,Passeig d´Atzavares,4,April,168.0,0.45
115,Passeig d´Atzavares,5,May,213.0,0.45
115,Passeig d´Atzavares,6,June,181.0,0.43
115,Passeig d´Atzavares,7,July,156.0,0.5
115,Passeig d´Atzavares,8,August,146.0,0.63
115,Passeig d´Atzavares,9,September,206.0,0.47
115,Passeig d´Atzavares,10,October,185.0,0.34
115,Passeig d´Atzavares,11,November,199.0,0.39
115,Passeig d´Atzavares,12,December,152.0,0.39
